<?xml version="1.0" encoding="UTF-8" standalone="yes"?>
<app version="1.0">
	<name>POKEACER MADNESS Theme</name>
	<version>6.9</version>
	<release_date>201608280000</release_date>
	<coder>Minecraftnationx and liam2503</coder>
	<short_description>POKEACER MADNESS.</short_description>
	<long_description>DO YOU LIKE POKEACER? DO YOU WANT MORE POKEACER? Then use my new homebrew Theme that is a modiefed version the the riiconnect24 theme idk why you would want this thoe.</long_description>
</app>
